ID,title,author_surname,author_name,curator_surname,curator_name,institution_name,institution_lat,institution_lng,located_at,location_geonames_id,location_lat,location_lng,part_of,institution_website,date,language,URL,epoch,branch,writing_support,facsimiles,advanced_search,index,glossary,encoding,download,creative_commons_license,,
1,"
Schopenhauer's Library *Annotations and marks in his Spanish books",Schopenhauer,Arthur,Losada Palenzuela,José Luis,University of Wrocław,51.11454,17.034477,Wrocław,3081368,51.11034,17.03714,Poland,https://international.uni.wroc.pl/en/s3.php,2017,"""SPA""",http://www.schopenhauer.uni.wroc.pl/,Modern,"Metaphysics, Ethics, Aesthetics,",Book,yes,no,no,no,XML-TEI,yes,no,,
2,"MEGAdigital - Online-Abteilung der historisch-kritischen 
Gesamtausgabe von Karl Marx und Friedrich Engels",Marx,Karl,Hubmann,Gerald ,Berlin-Brandenburgische Akademie der Wissenschaften,52.51389,13.3941,Berlin-Brandenburg,2950159,52.52,13.405,Germany,https://www.bbaw.de/,2016,"""GER""",https://megadigital.bbaw.de,Modern,"Political Philosophy, Philosophy of History, Practical Philosophy","Letter, Manuscript, Notebook",partly,yes,yes,no,XML-TEI,no,yes,,
3,Søren Kierkegaards Skrifter,Kierkegaards,Søren,Kynd,Karsten ,University of Copenhagen,55.6761,12.5683,Copenhagen,2618425,55.6761,12.5683,Denmark,https://www.ku.dk/en,2007,"""DAN""",https://tekster.kb.dk,Modern,"Philosophy of Religion, Ethics, Moral Philosophy",Manuscript,no,yes,no,no,partly XML-TEI,no,yes,,
4,Les Pensées de Blaise Pascal,Pascal,Blaise,Descotes,Dominique,Université Blaise Pascal / Bibliothèque nationale de France,45.7785,3.087,Paris,2988507,48.8339,2.3768,France,http://www.univ-bpclermont.fr,not provided,"""FRE""",http://www.penseesdepascal.fr,Modern,"Philosophy of Religion, Ethics, Metaphysics",Manuscript,yes,no,no,no,HTML/XML,no,no,,
4,Les Pensées de Blaise Pascal,Pascal,Blaise,Proust,Gilles,Université Blaise Pascal / Bibliothèque nationale de France,45.7785,3.087,Paris,2988507,48.8339,2.3768,France,http://www.univ-bpclermont.fr,not provided,"""FRE""",http://www.penseesdepascal.fr,Modern,"Philosophy of Religion, Ethics, Metaphysics",Manuscript,yes,no,no,no,HTML/XML,no,no,,
5,Renan Source,Renan,Ernest,Paone,Domenico,Institut des textes et manuscrits modernes: Item,48.8566,2.3522,Paris,2988507,48.8566,2.3768,France,https://www.item.ens.fr,2023,"""FRE""",http://www.renansource.org,Modern,"Philosophy of Religion, History of Philosophy, Moral Philosophy","Letter, manuscript",yes,yes,yes,no,XML-TEI,partial,yes,,
6,Johann Georg Hamann: Kommentierte Briefausgabe,Hamann,Johann Georg,Reibold,Janina,"Germanistisches Seminar Universität Heidelberg, Theodor Springmann Stiftung",49.4094,8.6946,Heidelberg,2811313,49.4094,8.6946,Germany,https://www.gs.uni-heidelberg.de/en,2015," ""GER""",https://hamann-ausgabe.de,Modern,"Philosophy of Language, Philosophy of Religion",Manuscript,no,yes,yes,yes,XML-TEI,no,yes,,
7,Pico della Mirandola: De hominis dignitate,Mirandola,Pico della,Riva,Massimo,"Brown University, Università degli Studi di Bologna, Biblioteca Comunale dell'Archiginnasio di Bologna",41.8268,-71.4025,"Providence, Rhode Island, USA",5229499,41.8268,71.4025,United States,https://www.brown.edu,not provided,"""LAT""",https://www.brown.edu/Departments/Italian_Studies/pico/,Medieval,"Moral Philosophy, Philosophical Anthropology, Philosophy of Religion",Manuscript,yes,no,no,no,not provided,no,no,,
8,Lament of St. Anselm,Canterbury,Anselm of,Kraebel,Andrew,"University of Pennsylvania, Trinity University",39.9526,-75.1652,Philadelphia,4560349,39.9526,75.1652,United States,https://www.upenn.edu,not provided,"""ENM""",https://lib.trinity.edu/lament/index.html,Medieval,Philosophy of Religion,"Manuscript, Codex",yes,no,no,no,XML-TEI,no,yes,,
9,Magistri Guillelmi Autissiodorensis Summa de officiis ecclesiasticis,Autissiodorensis,Guillelmus,Fischer,Franz,"Cologne Center for eHumanities, Institut für Dokumentologie und Editorik",50.9375,6.9603,Cologne,2921044,50.9375,6.9603,Germany,https://cceh.uni-koeln.de,2000,"""LAT""",https://guillelmus.uni-koeln.de/tcrit/tcrit_prologus,Medieval,"Moral Philosophy, Philosophy of Religion",Manuscript,yes,yes,yes,yes,XML-TEI,not provided,yes,,
10,Galileo Galilei's Notes on Motion,Galilei,Galileo,Truci,Isabella,Max Planck Institute for the History of Science,52.520008,13.404954,Berlin,52.520008,13.404954,6.9603,Germany,https://www.google.com/search?client=safari&rls=en&q=Max+Planck+Institute+for+the+History+of+Science&ie=UTF-8&oe=UTF-8,not provided,"""ITA""",https://www.mpiwg-berlin.mpg.de/Galileo_Prototype/MAIN.HTM,Modern,"Philosophy of Science, Philosophy of Physics, Philosophy of Nature, Philosophy History",Manuscript,yes,no,yes,no,not provided,no,yes,,
10,Galileo Galilei's Notes on Motion,Galilei,Galileo,Galluzzi,Paolo,Max Planck Institute for the History of Science,52.520008,13.404954,Berlin,52.520008,13.404954,6.9603,Germany,https://www.google.com/search?client=safari&rls=en&q=Max+Planck+Institute+for+the+History+of+Science&ie=UTF-8&oe=UTF-8,not provided,"""ITA""",https://www.mpiwg-berlin.mpg.de/Galileo_Prototype/MAIN.HTM,Modern,"Philosophy of Science, Philosophy of Physics, Philosophy of Nature, Philosophy History",Manuscript,yes,no,yes,no,not provided,no,yes,,
10,Galileo Galilei's Notes on Motion,Galilei,Galileo,Renn,Jürgen,Max Planck Institute for the History of Science,52.520008,13.404954,Berlin,52.520008,13.404954,6.9603,Germany,https://www.google.com/search?client=safari&rls=en&q=Max+Planck+Institute+for+the+History+of+Science&ie=UTF-8&oe=UTF-8,not provided,"""ITA""",https://www.mpiwg-berlin.mpg.de/Galileo_Prototype/MAIN.HTM,Modern,"Philosophy of Science, Philosophy of Physics, Philosophy of Nature, Philosophy History",Manuscript,yes,no,yes,no,not provided,no,yes,,
11,The Newton Project,Newton,Isaac,Iliffe,Robert ,University of Sussex,50.8595,-0.0877,Falmer,2657832,50.8595,-0.0877,United Kingdom,https://www.sussex.ac.uk,not provided,"""LAT""",https://www.newtonproject.ox.ac.uk,Modern,"Philosophy of Science, Philosophy of Physics, Metaphysics, Philosophy History",Manuscript,no,yes,no,no,XML-TEI,yes,yes,,
12,"Opera Aesthetica Szerdahelyana / Szerdahely György Alajos 
esztétikai írásai",Szerdahely,György,Attila,Debreczeni,Debreceni Egyetem / Magyar Tudományos Akadémia Könyvtára,47.5316,21.6273,Debrecen,3054643,47.5316,21.6273,Hungary,https://unideb.hu,2013,"""LAT""",https://www.google.com/search?client=safari&rls=en&q=Max+Planck+Institute+for+the+History+of+Science&ie=UTF-8&oe=UTF-8,Modern,"Aesthetics, Philosophy of Art, Practical Philosophy",Print,yes,no,no,no,XML-TEI,no,no,,
13,Darwin Online: Online Variorum of Darwin’s Origin of Species,Darwin,Charles,Bordalejo,Barbara,University of Birmingham / University of Saskatchewan,52.4508,-1.93,Birmingham,2655603,52.4508,-1.93,United Kingdom,http://www.birmingham.ac.uk,2008,"""ENG""",http://darwin-online.org.uk/Variorum/,Modern,"Philosophy of Biology, Philosophy of Science, Philosophy of Nature",Printed book,partly,yes,no,no,XML-TEI,no,no,,
14,Darwin Correspondence Project,Darwin,Charles,Secord,James A.,University of Cambridge / American Council of Learned Societies,52.2043,0.1218,Cambridge,2655057,52.2043,0.1218,United Kingdom,http://www.cam.ac.uk,2002,"""ENG""",http://www.darwinproject.ac.uk/,Modern,"Philosophy of Biology, Philosophy of Science, Philosophy of Nature","Manuscript, Letter",no,yes,yes,no,XML-TEI,no,no,,
15,Kant – Opus Postumum Online Edition,Kant,Immanuel,Gerhardt,Volker,"Berlin-Brandenburgische Akademie der 
Wissenschaften (BBAW)",52.5186,13.4015,Berlin,2950159,52.5186,13.4015,Germany,https://www.bbaw.de,2013,"""GER""",https://telota.bbaw.de/kant_op/index.html,Modern,"Epistemology, Ethics, Aesthetics, Metaphysics, Practical Philosophy, Moral Philosophy",Manuscript,yes,yes,no,no,XML-TEI,no,yes,,
15,Kant – Opus Postumum Online Edition,Kant,Immanuel,Karl,Jacqueline,"Berlin-Brandenburgische Akademie der 
Wissenschaften (BBAW)",52.5186,13.4015,Berlin,2950159,52.5186,13.4015,Germany,https://www.bbaw.de,2013,"""GER""",https://telota.bbaw.de/kant_op/index.html,Modern,"Epistemology, Ethics, Aesthetics, Metaphysics, Practical Philosophy, Moral Philosophy",Manuscript,yes,yes,no,no,XML-TEI,no,yes,,
16,Nietzsche Source,Nietzsche,Friedrich,D'Iorio,Paolo,CNRS (Centre national de la recherche scientifique),48.847597,2.264004,Auteuil,6545275,48.84694,2.26366,France,http://www.cnrs.fr,not provided,"""GER""",http://www.nietzschesource.org/,Modern,"Practical Philosophy, Aesthetics, Metaphysics Moral Philosophy","Manuscript, Book, letter",yes,yes,no,no,XML-TEI,only image,yes,,
17,"
Walter Benjamin Digital — Writings and Literaty Estate. Volume 11: Berliner Chronik / Berliner Kindheit um neunzehnhundert Facsimiles of the manuscripts and transcriptions",Benjamin,Walter,Werner,Nadine,"""Hamburger Stiftung zur Förderung von 
Wissenschaft und Kultur""",53.551086,9.993682,Hamburg,2911298,53.551086,9.993682,,https://h-w-s.org/,2016,"""GER""",https://walter-benjamin.online/,Contemporary,"Aesthetics, Philosophy of History","Manuscript, letter, 
document (notes, Notes, 
work notes, archive 
materials)",yes,no,yes,no,XML-TEI,yes,yes,,
17,"
Walter Benjamin Digital — Writings and Literaty Estate. Volume 11: Berliner Chronik / Berliner Kindheit um neunzehnhundert Facsimiles of the manuscripts and transcriptions",Benjamin,Walter,Lindner,Burkhardt,"""Hamburger Stiftung zur Förderung von 
Wissenschaft und Kultur""",53.551086,9.993682,Hamburg,2911298,53.551086,9.993682,,https://h-w-s.org/,2016,"""GER""",https://walter-benjamin.online/,Contemporary,"Aesthetics, Philosophy of History","Manuscript, letter, 
document (notes, Notes, 
work notes, archive 
materials)",yes,no,yes,no,XML-TEI,yes,yes,,
18,"
davidhume.org",Hume,David,Merivale ,Henry,University of Oxford,51.754816,-1.254367,Oxford,2640729,51.754816,-1.254367,United Kingdom,https://www.ox.ac.uk/,2011,"""ENG""",https://davidhume.org/,Modern,"Epistemology, Ethics, Philosophy of Religion, Moral Philosophy, Practical Philosophy","Manuscript, Book, Letter",partial,yes,no,no,HTML/XML,no,not provided,,
18,"
davidhume.org",Hume,David,Millican ,Peter,University of Oxford,51.754816,-1.254367,Oxford,2640729,51.754816,-1.254367,United Kingdom,https://www.ox.ac.uk/,2011,"""ENG""",https://davidhume.org/,Modern,"Epistemology, Ethics, Philosophy of Religion, Moral Philosophy, Practical Philosophy","Manuscript, Book, Letter",partial,yes,no,no,HTML/XML,no,not provided,,
19,Briefportal Leibniz. Ausgewählte Briefe in HTML,Leibniz,Gottfried Wilhelm,,,"Göttinger Akademie der Wissenschaften / 
Niedersächsische Staats- und Universitätsbibliothek 
Göttingen",51.5333,9.9333,Göttingen,2921044,51.5333,9.9333,Germany,https://www.sub.uni-goettingen.de/sub-aktuell/,2016,"""GER""",https://leibniz-briefportal.adw-goe.de,Modern,"Metaphysics, Logic, Philosophy of Science, Epistemology",Letter,no,yes,no,no,HTML,yes (PDF),no,,
20,"
Ein Sermon von Ablass und Gnade: a digital edition",Luther,Martin,Christiane Rehagen,,"Taylor Institution Library, University of Oxford",51.754816,-1.254367,Oxford,2640729,51.754816,-1.254367,United Kingdom,https://www.ox.ac.uk/,2018,"""ENG""",https://editions.mml.ox.ac.uk/editions/ablassgnade6/,Medieval,Philosophy of Religion,Book,yes,no,no,no,TEI/XML,yes ,yes,,
21,Ahiqar – The Story of Ahiqar in its Syriac and Arabic Tradition,,,Kratz,Reinhard G.,"Georg-August-Universität Göttingen / 
Niedersächsische Staats- und Universitätsbibliothek Göttingen",51.54128,9.9158,Göttingen,2918632,51.54128,9.9158,Germany,https://www.uni-goettingen.de/de/theologische+fakult%C3%A4t/19855.html,2021,"""SYR, ARA""",https://ahiqar.uni-goettingen.de,Ancient,"Philosophy of Religion, Philosophy of Culture","Manuscript, Inscription",yes,yes,no,no,XML-TEI,partial,yes,,
21,Ahiqar – The Story of Ahiqar in its Syriac and Arabic Tradition,,,Elrefaei,Aly,"Georg-August-Universität Göttingen / 
Niedersächsische Staats- und Universitätsbibliothek Göttingen",51.54128,9.9158,Göttingen,2918632,51.54128,9.9158,Germany,https://www.uni-goettingen.de/de/theologische+fakult%C3%A4t/19855.html,2021,"""SYR, ARA""",https://ahiqar.uni-goettingen.de,Ancient,"Philosophy of Religion, Philosophy of Culture","Manuscript, Inscription",yes,yes,no,no,XML-TEI,partial,yes,,
21,Ahiqar – The Story of Ahiqar in its Syriac and Arabic Tradition,,,Birol,Simon,"Georg-August-Universität Göttingen / 
Niedersächsische Staats- und Universitätsbibliothek Göttingen",51.54128,9.9158,Göttingen,2918632,51.54128,9.9158,Germany,https://www.uni-goettingen.de/de/theologische+fakult%C3%A4t/19855.html,2021,"""SYR, ARA""",https://ahiqar.uni-goettingen.de,Ancient,"Philosophy of Religion, Philosophy of Culture","Manuscript, Inscription",yes,yes,no,no,XML-TEI,partial,yes,,
22,Correspondance Barbeyrac ,Barbeyrac,Jean,Päivärinne ,Meri ,Lumières.Lausanne / University of Helsinki,46.5197,6.6323,Lausanne / Helsinki,2659994,46.5197,6.6323,Switzerland / Finland,https://lumieres.unil.ch/fiches/biblio/9469/,2017,"""FRA""",https://lumieres.unil.ch/projets/barbeyrac/,Modern,"Philosophy of Law, Ethics, Political Philosophy",Letter,no,no,no,no,HTML/XML,no,not provided,,
22,Correspondance Barbeyrac ,Barbeyrac,Jean,Kapossy,Béla,Lumières.Lausanne / University of Helsinki,46.5197,6.6323,Lausanne / Helsinki,2659994,46.5197,6.6323,Switzerland / Finland,https://lumieres.unil.ch/fiches/biblio/9469/,2017,"""FRA""",https://lumieres.unil.ch/projets/barbeyrac/,Modern,"Philosophy of Law, Ethics, Political Philosophy",Letter,no,no,no,no,HTML/XML,no,not provided,,
22,Correspondance Barbeyrac ,Barbeyrac,Jean,Lovis,Béatrice,Lumières.Lausanne / University of Helsinki,46.5197,6.6323,Lausanne / Helsinki,2659994,46.5197,6.6323,Switzerland / Finland,https://lumieres.unil.ch/fiches/biblio/9469/,2017,"""FRA""",https://lumieres.unil.ch/projets/barbeyrac/,Modern,"Philosophy of Law, Ethics, Political Philosophy",Letter,no,no,no,no,HTML/XML,no,not provided,,
22,Correspondance Barbeyrac ,Barbeyrac,Jean,Korkman,Petter,Lumières.Lausanne / University of Helsinki,46.5197,6.6323,Lausanne / Helsinki,2659994,46.5197,6.6323,Switzerland / Finland,https://lumieres.unil.ch/fiches/biblio/9469/,2017,"""FRA""",https://lumieres.unil.ch/projets/barbeyrac/,Modern,"Philosophy of Law, Ethics, Political Philosophy",Letter,no,no,no,no,HTML/XML,no,not provided,,
22,Correspondance Barbeyrac ,Barbeyrac,Jean,Pierrier,Taina,Lumières.Lausanne / University of Helsinki,46.5197,6.6323,Lausanne / Helsinki,2659994,46.5197,6.6323,Switzerland / Finland,https://lumieres.unil.ch/fiches/biblio/9469/,2017,"""FRA""",https://lumieres.unil.ch/projets/barbeyrac/,Modern,"Philosophy of Law, Ethics, Political Philosophy",Letter,no,no,no,no,HTML/XML,no,not provided,,
23,"Rudolf Carnap Digital""",Carnap,Rudolf,Rendl,Lois M.,Institut Wiener Kreis (Universität Wien),48.210033,16.363449,Vienna,2761369,48.210033,16.363449,Austria,https://wienerkreis.univie.ac.at/,2022,"""GER""",https://valep.vc.univie.ac.at/valepPlus/project/62,Contemporary,"Philosophy of Computing, Logic, Epistemology, Philosophy of Science","Manuscript, Book, letter, memo",yes,yes,no,no,XML-TEI,yes,yes / restricted for images,,
23,"Rudolf Carnap Digital""",Carnap,Rudolf,Jordan,Roman,Institut Wiener Kreis (Universität Wien),48.210033,16.363449,Vienna,2761369,48.210033,16.363449,Austria,https://wienerkreis.univie.ac.at/,2022,"""GER""",https://valep.vc.univie.ac.at/valepPlus/project/62,Contemporary,"Philosophy of Computing, Logic, Epistemology, Philosophy of Science","Manuscript, Book, letter, memo",yes,yes,no,no,XML-TEI,yes,yes / restricted for images,,
24,Four Early Chan Texts from Dunhuang – A TEI-based Edition 早期禪宗文獻四部,,,Bingenheimer,Marcus,Shin Wen Feng 新文豐,25.033,121.5654,Taipei,1668341,25.033,121.5654,Taiwan,https://www.swfc.com.tw/,2018,"""CHI""",https://zenodo.org/record/1133490,Medieval,"Philosophy of Religion, Ethics, Philosophical Anthropology",Manuscript,yes,no,no,no,XML-TEI,yes,yes,,
24,Four Early Chan Texts from Dunhuang – A TEI-based Edition 早期禪宗文獻四部,,,Po-Yung,Chang,Shin Wen Feng 新文豐,25.033,121.5654,Taipei,1668341,25.033,121.5654,Taiwan,https://www.swfc.com.tw/,2018,"""CHI""",https://zenodo.org/record/1133490,Medieval,"Philosophy of Religion, Ethics, Philosophical Anthropology",Manuscript,yes,no,no,no,XML-TEI,yes,yes,,
25,"
A. C. Chavannes et sa ""Science générale de l'homme"" (1788)",Chavannes,Alexandre César,Grosse,Christian,"Christian Grosse, Béla Kapossy",46.519653,6.632273,Lausanne,2660646,46.519653,6.632273,Switzerland,https://lumieres.unil.ch/fiches/biblio/9469/,2019,"""FRE""",https://lumieres.unil.ch/projets/chavannes/,Modern,"Philosophy of Religion, Practical Philosophy",Book,no,no,no,no,HTML,no,not provided,,
25,"
A. C. Chavannes et sa ""Science générale de l'homme"" (1788)",Chavannes,Alexandre César,Kapossy,Béla,"Christian Grosse, Béla Kapossy",46.519653,6.632273,Lausanne,2660646,46.519653,6.632273,Switzerland,https://lumieres.unil.ch/fiches/biblio/9469/,2019,"""FRE""",https://lumieres.unil.ch/projets/chavannes/,Modern,"Philosophy of Religion, Practical Philosophy",Book,no,no,no,no,HTML,no,not provided,,
26,Ferdinand Ebner: Gesammelte Werke. Online Edition,Ebner,Ferdinand,Hörmann,Richard ,Universität Salzburg,47.80949,13.05501,Salzburg,2778065,47.80949,13.05501,Austria,https://www.plus.ac.at/,2014,"""GER""",http://wfe.sbg.ac.at/exist/apps/Frontpage/index.html,Contemporary,Philosophy of Language,"Works, letters, notes, poems",no,yes,yes,no,TEI/XML,no,yes,,
27,Giambattista Vico: Orationes. Digital ed. of the ms. XIII B 55 of the National Library of Naples,Vico,Giambattista,Colangelo,Maria Luisa ,Basilicata University Press,40.639722,15.805556,Potenza,3175395,40.639722,15.805556,Italy,https://bup.unibas.it/,2020,"""LAT""",https://eng-bup.unibas.it/library/DH,Modern,"Philosophy of History, Philosophy of Culture, Political Philosophy",Manuscript,vico,yes,yes,,XML-TEI,yes,yes,,
28,EvQ,,,Nasser,Shady Hekmat ,Harvard University,42.377,-71.1167,Cambridge,4930956,42.3736,-71.1097,USA,https://www.harvard.edu,2023,"""ARA""",https://erquran.org,Medieval,"Philosophy of Religion, Moral Philosophy",Work,no,yes,no,no,HTML,no,not provided,,
29,"
Stephanus Galdeti: Contra scismaticos Pars 3",Galdeti,Stephanus,Maga,Mihai,Babeș-Bolyai University,46.76938,23.58997,Cluj-Napoca,686963,46.77,23.59,Romania,https://www.ubbcluj.ro/en/,2024,"""LAT""",https://www.dhcluj.ro/digitaleditions/,Medieval,"Moral Philosophy, Philosophy of Religion","Manuscript, Book",yes,yes,no,no,XML-TEI,only image,not provided,,
30,"Guillelmus Autissiodorensis, Summa de officiis ecclesiasticis. Kritisch-digitale Erstausgabe",d’Auxerre,Guglielmo,Fischer,Franz ,Cologne Center for eHumanities / Institut für Dokumentologie und Editorik,50.9413,6.9583,Cologne,2921044,50.9375,6.9603,Germany,https://cceh.uni-koeln.de,2000,"""LAT""",https://guillelmus.uni-koeln.de/tcrit/tcrit_prologus,Medieval,"Moral Philosophy, Philosophy of Religion",Manuscript,yes,yes,yes,yes, partly,no,yes,,
31,"
Hannah Arendt. Kritische Gesamtausgabe",Arendt,Hannah,Gerlach,Hannah,Freie Universität Berlin,52.4525,13.3153,Berlin,2950159,52.52,13.405,Germany,https://www.fu-berlin.de,2023,"""GER, ENG""",https://hannah-arendt-edition.net/home?lang=de,Contemporary,"Political Philosophy, Ethics, Practical Philosophy, Philosophy of History","Manuscript, Typoscript, Book",yes,yes,yes,no,XML-TEI,no,yes,,
31,"
Hannah Arendt. Kritische Gesamtausgabe",Arendt,Hannah,Kieslich,Ingo,Freie Universität Berlin,52.4525,13.3153,Berlin,2950159,52.52,13.405,Germany,https://www.fu-berlin.de,2023,"""GER, ENG""",https://hannah-arendt-edition.net/home?lang=de,Contemporary,"Political Philosophy, Ethics, Practical Philosophy, Philosophy of History","Manuscript, Typoscript, Book",yes,yes,yes,no,XML-TEI,no,yes,,
32,Ludvig Holbergs Skrifter,Holbergs,Ludvig,Vinje,Eiliv,Society for Danish Language and Literature / University of Bergen,59.9139,10.7522,Bergen/Kopenhagen,3161732,60.39299,5.32415,Norway/Denmark,https://www.uib.no/en,2015,"""DAN""",http://holbergsskrifter.dk/,Modern,"Practical Philosophy, Ethics, Aesthetics, Political Philosophy","Works, letter",yes,yes,no,no,XML-TEI,no,,,
32,Ludvig Holbergs Skrifter,Holbergs,Ludvig,Zeeberg,Peter,Society for Danish Language and Literature / University of Bergen,59.9139,10.7522,Bergen/Kopenhagen,3161732,60.39299,5.32415,Norway/Denmark,https://www.uib.no/en,2015,"""DAN""",http://holbergsskrifter.dk/,Modern,"Practical Philosophy, Ethics, Aesthetics, Political Philosophy","Works, letter",yes,yes,no,no,XML-TEI,no,,,
32,Ludvig Holbergs Skrifter,Holbergs,Ludvig,Skovgaard-Petersen,Karen,Society for Danish Language and Literature / University of Bergen,59.9139,10.7522,Bergen/Kopenhagen,3161732,60.39299,5.32415,Norway/Denmark,https://www.uib.no/en,2015,"""DAN""",http://holbergsskrifter.dk/,Modern,"Practical Philosophy, Ethics, Aesthetics, Political Philosophy","Works, letter",yes,yes,no,no,XML-TEI,no,,,
33,"
Hugh of Saint Victor's De quinque septenis (On the Five Sevens) and Its Versification in Samuel Presbiter's De oratione dominica (On the Lord's Prayer)",Victor,Hugh of Saint,Dunning,Andrew,University of Oxford,51.754816,1.254367,Oxford,2640729,51.75202,-1.25773,United Kingdom,https://www.ox.ac.uk/,2016,"""LAT""",http://scholarlyediting.org/2016/editions/intro.dunning.html,Medieval,"Philosophy of Religion, Moral Philosophy",Manuscript,yes,no,no,no,XML-TEI,yes,yes,,
34,"
Anonymus Magister Artium Pragensis: Recommendationes Recommendatio baccalaureorum artium: Invitati ascendant",Presbiter,Samuel,Maga,Mihai,Babeș-Bolyai University,46.769379,23.589954,Cluj-Napoca,686963,46.77121,23.62364,Romania,https://www.ubbcluj.ro/en/,2020,"""LAT""",https://www.dhcluj.ro/digitaleditions/?file=APRIA,Medieval,Practical Philosophy,Manuscript,yes,yes,no,no,XML-TEI,only image,not provided,,
35,The Greek Bible in Byzantine Judaism,,,Lange,Nicholas de,University of Cambridge / Centre for Computing in the Humanities (CCH),52.204267,0.114908,Cambridge,52.20534,0.12182,0.12182,United Kingdom,https://www.cam.ac.uk/,2010,,https://www.gbbj.org/,Medieval,"Philosophy of Religion, History of Philosophy",Manuscript,yes,yes,yes,yes,HTML/XML,no,yes,,
35,The Greek Bible in Byzantine Judaism,,,Short,Harold,University of Cambridge / Centre for Computing in the Humanities (CCH),52.204267,0.114908,Cambridge,52.20534,0.12182,0.12182,United Kingdom,https://www.cam.ac.uk/,2010,,https://www.gbbj.org/,Medieval,"Philosophy of Religion, History of Philosophy",Manuscript,yes,yes,yes,yes,HTML/XML,no,yes,,
36,"
Kritische Gesamtausgabe der Schriften und Briefe Andreas Bodensteins von Karlstadt",,,Kaufmann,Thomas,Herzog August Bibliothek Wolfenbüttel,52.1649,10.5417,Wolfenbüttel,2806914,52.1649,10.5417,Germany,https://www.hab.de/,2012,"""LAT; GER""",http://diglib.hab.de/edoc/ed000216/start.htm,Modern,Philosophy of Religion,"Works, letters",no,no,yes,no,XML-TEI,yes,not provided,,
37,Lucula noctis Project,Bodenstein von Karlstadt,Andreas,Nighman,Chris,Wilfrid Laurier University,43.4668,-80.5228,"Waterloo, Ontario",6173331,43.4668,-80.5164,Canada,https://www.wlu.ca/,2015,"""LAT""",http://web.wlu.ca/history/cnighman/LN/index.html,Medieval,Philosophy of Religion,Manuscript,no,no,no,no,HTML/XML,no,yes,,
38,"
Montedite - Édition en ligne des pensées de Montesquieu",Dominic,Iohannes,Dornier,Carole,Presses universitaires de Caen,49.182863,-0.370679,Caen,2984370,49.182863,-0.370679,France, https://www.puc-ed.fr,2013,"""FR""",https://www.unicaen.fr/services/puc/sources/Montesquieu/,Modern,"Political Philosophy, Ethics, Philosophy of Law","Manuscript, Notebooks",yes,no,yes,no,XML-TEI,no,yes,,
39,"
Bibliothek der Neologie",,,Beutel,Albrecht,Universität Münster,51.961,7.625,Münster,2867714,51.961,7.625,Germany,https://www.uni-muenster.de/de/,2016,"""GER""",https://bdn-edition.de/,Modern,"Philosophy of Religion, Moral Philosophy, History of Philosophy",Manuscripts,no,yes,yes,no,XML-TEI,yes,yes,,
40,"
Notker III. von St. Gallen: De interpretatione. Elektronische Teiledition",Labeo,Notker,Saller,Harald,"Graduiertenkolleg Textkritik, München",48.137154,11.576124,München,2867714,48.137154,11.576124,Germany,https://www.textkritik.uni-muenchen.de/,2004,"""GER""",https://www.edkomp.uni-muenchen.de/Notker/Demo-CD/edition_frame.html,Medieval,"Philosophy of Religion, Logic, Moral Philosophy",Manuscript,no,no,no,no,HTML/XML,no,not provided,,
41,Les manuscrits arabes des lettres de Paul de Tarse,,,Schulthess,Sara,Université de Lausanne/ Vital-IT (Swiss Institute of Bioinformatics),46.5197,6.6323,Lausanne,2659994,46.5197,6.6323,Switzerland,https://www.unil.ch/unil/fr/home.html,2016,"""ARA""",https://tarsian.vital-it.ch/#folio_103r,/,"Philosophy of Religion, Philosophy of History",Manuscript,yes,no,no,no,XML-TEI,yes,yes,,
41,Les manuscrits arabes des lettres de Paul de Tarse,,,Clivaz,Claire,Université de Lausanne/ Vital-IT (Swiss Institute of Bioinformatics),46.5197,6.6323,Lausanne,2659994,46.5197,6.6323,Switzerland,https://www.unil.ch/unil/fr/home.html,2016,"""ARA""",https://tarsian.vital-it.ch/#folio_103r,/,"Philosophy of Religion, Philosophy of History",Manuscript,yes,no,no,no,XML-TEI,yes,yes,,
42,Petrus Plaoul - Editio Critica Commentarii in libris Sententiarum,Plaoul,Petrus,Witt,Jeffrey C. ,Boston College,42.3355,-71.1685,Boston ,4930956,42.3355,-71.1685,USA,https://www.bc.edu,2011,"""LAT""",https://scta.info/resource/peter-plaoul,Medieval,Philosophy of Religion,Manuscripts,no,yes,yes,yes,XML-TEI,yes,yes,,
43,Saint Patrick's Confessio,Patrick,Saint,Fischer,Franz ,Royal Irish Academy,53.339444,-6.254167,Dublin,3313829,53.333056,-6.248889,Ireland,https://www.ria.ie,2008,"""LAT""",http://www.confessio.ie/,Medieval,Philosophy of Religion,"Manuscript, Print",yes,no,no,no,XML-TEI,yes,yes,,
43,Saint Patrick's Confessio,Patrick,Saint,Harvey,Anthony ,Royal Irish Academy,53.339444,-6.254167,Dublin,3313829,53.333056,-6.248889,Ireland,https://www.ria.ie,2008,"""LAT""",http://www.confessio.ie/,Medieval,Philosophy of Religion,"Manuscript, Print",yes,no,no,no,XML-TEI,yes,yes,,
44,"
Codex Sinaiticus",,,Breay,Claire,"British Librar, National Library of Russia, St. Catherine's Monastery, Leipzig University Library",0.127676,2643743,London,2643743,51.507222,-0.1275,United Kingdom,https://www.bl.uk,2003,GRC,http://codexsinaiticus.org/en/,Ancient,"Philosophy of Religion, History of Philosophy, Moral Philosophy",Codex,yes,yes,no,no,XML-TEI,yes,not provided,,
44,"
Codex Sinaiticus",,,Seige,Leander,"British Librar, National Library of Russia, St. Catherine's Monastery, Leipzig University Library",0.127676,2643743,London,2643743,51.507222,-0.1275,United Kingdom,https://www.bl.uk,2003,GRC,http://codexsinaiticus.org/en/,Ancient,"Philosophy of Religion, History of Philosophy, Moral Philosophy",Codex,yes,yes,no,no,XML-TEI,yes,not provided,,
44,"
Codex Sinaiticus",,,Justin,Father,"British Librar, National Library of Russia, St. Catherine's Monastery, Leipzig University Library",0.127676,2643743,London,2643743,51.507222,-0.1275,United Kingdom,https://www.bl.uk,2003,GRC,http://codexsinaiticus.org/en/,Ancient,"Philosophy of Religion, History of Philosophy, Moral Philosophy",Codex,yes,yes,no,no,XML-TEI,yes,not provided,,
44,"
Codex Sinaiticus",,,Krushelnitskaya,Ekaterina,"British Librar, National Library of Russia, St. Catherine's Monastery, Leipzig University Library",0.127676,2643743,London,2643743,51.507222,-0.1275,United Kingdom,https://www.bl.uk,2003,GRC,http://codexsinaiticus.org/en/,Ancient,"Philosophy of Religion, History of Philosophy, Moral Philosophy",Codex,yes,yes,no,no,XML-TEI,yes,not provided,,
45,"
Sigismundus de Pyzdry: Principia in Sententiarum Quaestio in Principium I Sententiarum",Pyzdry,Sigismundus de,Maga,Mihai ,Babeș-Bolyai University,46.769379,23.589954,Cluj-Napoca,686963,46.77121,23.62364,Romania,https://www.ubbcluj.ro/en/,2020,"""LAT""",https://www.dhcluj.ro/digitaleditions/?file=APRIA,Medieval,"Moral Philosophy, Philosophy of Religion",Manuscript,yes,yes,no,no,XML-TEI,only image,no,,
46,"Stanislaus de Scarbimiria: Recommendacio rectoris Universitatis, Ottonis, scholastici Cracoviensis",Skarbimierz,Stanisław of ,Maga,Mihai ,Babeș-Bolyai University,46.769379,23.589954,Cluj-Napoca,686963,46.77121,23.62364,Romania,https://www.ubbcluj.ro/en/,2020,"""LAT""",https://www.dhcluj.ro/digitaleditions/?file=APRIA,Medieval,"Political Philosophy, Moral Philosophy",Manuscript,yes,yes,no,no,XML-TEI,only image,not provided,,
47,The Richard Rufus of Cornwall Project,Rufus,Richardus ,Wood ,Rega ,Stanford University,37.4275,-122.1697,Stanford,5392171,37.4275,-122.1697,USA,http://rrp.stanford.edu,2013,"""LAT""",https://rrp.stanford.edu/index.shtml,Medieval,"Metaphysics, Philosophy of Religion",Manuscripts,no,no,yes,no,XML-TEI,yes,yes,,
48,"
The Collected Letters of Bertrand Russell: An Electronic Edition",Russell,Bertrand ,Griffin,Nicholas ,McMaster University,43.2609,-79.9192,Hamilton,5969783,43.2609,-79.9192,Canada,https://www.mcmaster.ca,2006,"""ENG""",https://russell.humanities.mcmaster.ca,Contemporary,"Logic, Philosophy of Language, Epistemology, Philosophy of Mathematics, Ethics",Letters,yes,yes,yes,no,HTML/XML,no,no,,
48,"
The Collected Letters of Bertrand Russell: An Electronic Edition",Russell,Bertrand ,Chartrand,James,McMaster University,43.2609,-79.9192,Hamilton,5969783,43.2609,-79.9192,Canada,https://www.mcmaster.ca,2006,"""ENG""",https://russell.humanities.mcmaster.ca,Contemporary,"Logic, Philosophy of Language, Epistemology, Philosophy of Mathematics, Ethics",Letters,yes,yes,yes,no,HTML/XML,no,no,,
49,A Digital Comparative Edition and Partial Translation of the Shorter Chinese Saṃyukta Āgama (T.100),,,Bingenheimer,Marcus,Dharma Drum Buddhist College,25.0173,121.4628,New Taipei,1668262,25.0173,121.4628,Taiwan,https://en.bs.dila.edu.tw,2005,"""CHI/ENG""",https://bza.dila.edu.tw,Ancient,"Philosophy of Religion, Moral Philosophy, Philosophy of Culture",Collection of texts,no,no,no,no,XML-TEI,yes,yes,,
49,A Digital Comparative Edition and Partial Translation of the Shorter Chinese Saṃyukta Āgama (T.100),,,杜正民,Aming Tu,Dharma Drum Buddhist College,25.0173,121.4628,New Taipei,1668262,25.0173,121.4628,Taiwan,https://en.bs.dila.edu.tw,2005,"""CHI/ENG""",https://bza.dila.edu.tw,Ancient,"Philosophy of Religion, Moral Philosophy, Philosophy of Culture",Collection of texts,no,no,no,no,XML-TEI,yes,yes,,
50,"
schleiermacher digital: Briefwechsel, Tageskalender, Vorlesungen von Friedrich Schleiermacher 1808–1834",Schleiermacher,Friedrich Daniel Ernst ,Lüke,Isabelle,Berlin-Brandenburgische Akademie der Wissenschaften,52.52,13.4049,Berlin,2950159,52.52,13.4049,Germany,https://www.bbaw.de,2020,"""GER""",https://schleiermacher-digital.de/index.xql,Modern,"Philosophy of Religion, Moral Philosophy","Letters, daily calendar, lectures",yes,yes,yes,yes,XML-TEI,no,yes,,
50,"
schleiermacher digital: Briefwechsel, Tageskalender, Vorlesungen von Friedrich Schleiermacher 1808–1834",Schleiermacher,Friedrich Daniel Ernst ,Arndt,Andreas,Berlin-Brandenburgische Akademie der Wissenschaften,52.52,13.4049,Berlin,2950159,52.52,13.4049,Germany,https://www.bbaw.de,2020,"""GER""",https://schleiermacher-digital.de/index.xql,Modern,"Philosophy of Religion, Moral Philosophy","Letters, daily calendar, lectures",yes,yes,yes,yes,XML-TEI,no,yes,,
50,"
schleiermacher digital: Briefwechsel, Tageskalender, Vorlesungen von Friedrich Schleiermacher 1808–1834",Schleiermacher,Friedrich Daniel Ernst ,Gerber,Simon,Berlin-Brandenburgische Akademie der Wissenschaften,52.52,13.4049,Berlin,2950159,52.52,13.4049,Germany,https://www.bbaw.de,2020,"""GER""",https://schleiermacher-digital.de/index.xql,Modern,"Philosophy of Religion, Moral Philosophy","Letters, daily calendar, lectures",yes,yes,yes,yes,XML-TEI,no,yes,,
50,"
schleiermacher digital: Briefwechsel, Tageskalender, Vorlesungen von Friedrich Schleiermacher 1808–1834",Schleiermacher,Friedrich Daniel Ernst ,Schmidt,Sarah,Berlin-Brandenburgische Akademie der Wissenschaften,52.52,13.4049,Berlin,2950159,52.52,13.4049,Germany,https://www.bbaw.de,2020,"""GER""",https://schleiermacher-digital.de/index.xql,Modern,"Philosophy of Religion, Moral Philosophy","Letters, daily calendar, lectures",yes,yes,yes,yes,XML-TEI,no,yes,,
51,"Zwischen Theologie, frühmoderner Naturwissenschaft und politischer Korrespondenz: Die sozinianischen Briefwechsel",,,"Kęstutis Daugirdas, Andreas Kuczera, Julian Jarosch, Patrick Toschka",,Johannes a Lasco Bibliothek / Akademie der Wissenschaften und der Literatur,53.3673,7.2086,Emden/Mainz,2930597,53.3673,7.2086,Germany,https://www.jalb.de/22758-438-0-73.html,2021," ""GER""",https://sozinianer.mni.thm.de/home,Modern,"Philosophy of Religion, Philosophy of Science, History of Philosophy","Letters, daily calendar, lectures",yes,yes,yes,no,TEI-XML-TEI,no,yes,,
52,Corpus Thomisticum,Aquin,Thomas von ,Alarcón,Enrique ,Universidad de Navarra,42.8138,-1.6458,Pamplona,3117800,42.8138,-1.6458,Spain,https://www.unav.edu,2000,"""LAT""",https://www.corpusthomisticum.org,Medieval,"Philosophy of Religion, Metaphysics",Manuscripts,yes,yes,yes,no,HTML/XML,no,not provided,,
53,Wenzelsbibel Digital,,,Kern,Manfred ,Paris Lodron Universität Salzburg / Österreichischen Nationalbibliothek,47.8095,13.055,Salzburg,2766824,47.8095,13.055,Austria,https://www.onb.ac.at,2022,"""GER""",https://edition.onb.ac.at/fedora/objects/context:wenbibel/methods/sdef:Context/get,Medieval,Philosophy of Religion,Manuscript,yes,no,no,no,XML-TEI,no,yes,,
54,Forschungsdaten Wilhelm Windelband,Windelband,Wilhelm ,Hartung,Gerald,"Institut für Grundlagenforschung zur Philosophiegeschichte (IGP), Bergische Universität Wuppertal",51.2562,7.1508,Wuppertal,2805753,51.2562,7.1508,Germany,https://igp.uni-wuppertal.de,2022,"""GER""",https://igp.uni-wuppertal.de/de/philosophiegeschichtsschreibung-grundlagenforschung-und-methodenreflexion/philosophiehistorische-grundlagenforschung-i-wilhelm-windelband/,Contemporary,"Philosophy of History, Epistemology",Manuscript,no,no,yes,no,HTML/XML,yes,yes,,
54,Forschungsdaten Wilhelm Windelband,Windelband,Wilhelm ,Bohr,Jörn,"Institut für Grundlagenforschung zur Philosophiegeschichte (IGP), Bergische Universität Wuppertal",51.2562,7.1508,Wuppertal,2805753,51.2562,7.1508,Germany,https://igp.uni-wuppertal.de,2022,"""GER""",https://igp.uni-wuppertal.de/de/philosophiegeschichtsschreibung-grundlagenforschung-und-methodenreflexion/philosophiehistorische-grundlagenforschung-i-wilhelm-windelband/,Contemporary,"Philosophy of History, Epistemology",Manuscript,no,no,yes,no,HTML/XML,yes,yes,,
55,Wittgenstein's Nachlass - The Bergen Electronic Edition (BEE),Wittgenstein,Ludwig ,,,Intelex Corporation,38.897676,-77.03653,Charlottesville,4782977,38.0293,-78.4767,United States,http://www.nlx.com/home,1998,"""GER, ENG""",https://www.nlx.com/home,Contemporary,"Philosophy of Language, Logic, Epistemology","Manuscript, Typescript, Dictation, Notebook",no,no,no,no,XML-TEI,no,no,,
56,Wittgenstein Source,Wittgenstein,Ludwig ,Pichler,Alois ,"Wittgenstein Archives, University of Bergen",60.3894,5.3221,Bergen,3161732,60.3894,5.3221,Norway,https://www.uib.no/en,2015,"""GER""",http://www.wittgensteinsource.org,Contemporary,"Philosophy of Language, Logic, Epistemology","Manuscripts, notebooks, letters",yes,yes,no,no,XML-TEI,partialy,yes,,
57,"
Adam Wodeham - Editio Critica Electronica Ordinationis Oxoniensis",Wodeham,Adam ,,,not provided,not provided,not provided,not provided,not provided,not provided,not provided,not provided,not provided,2013,"""LAT""",https://web.archive.org/web/20170610090514/http://adamwodeham.org/text/questions/wodehamordinatio,Medieval,Philosophy of Religion,Work,no,no,no,no,HTML/XML,no,yes,,
58,"
Huldrych Zwingli Briefe: Digitale Texte",Zwingli,Huldrych ,Moser,Christian ,Universität Zürich,47.3769,8.5417,Zürich,2657896,47.376886,8.541694,Switzerland,https://www.uzh.ch/de.html,2011,"""GER / LAT""",http://www.irg.uzh.ch/static/zwingli-briefe/,Modern,Philosophy of Religion,"Letters, Works",no,no,yes,no,HTML/XML,no,not provided,,
59,Codex Suprasliensis,,,Birnbaum,David J. ,not provided,not provided,not provided,not provided,not provided,not provided,not provided,not provided,not provided,2011,"""Church Slavonic""",http://suprasliensis.obdurodon.org/,Medieval,"Philosophy of Religion, History of Philosophy","Manuscript, Codex",yes,no,no,no,HTML/XML,no,not provided,,
